order_id,uuid,name
457873,aeb35983-d198-4b1b-9f22-cd8db38efb3e,境界を歩く好奇心の雫
640857,95cfb8a3-7507-4d8a-858a-1d0e570c1c6b,ひとさじの魔法
953382,8003454e-b984-40c2-a3c5-656eb116044b,日常の茶香に包まれて
478444,9ab54a20-7ba5-4138-9db7-949309666163,香りを探す午後の散歩
403600,d1410867-78c4-40ad-8117-b746adece1bc,夜明けに漂う潮風の記憶
272219,0a7aaaaa-4f8b-437d-9109-e76cf172d721,湯けむりの余韻に浸る夜
100173,65f3860a-6a53-4084-984f-51321bd72725,ひとくちの小さなよろこび
853177,e825ae1f-04a0-498f-9520-fc7c99c86885,夜風と球場の余韻
226432,dc8c2023-025e-489a-aee2-d332f5f065b2,記憶を紡ぐキャラメルの余韻
601880,be4684a2-8171-459d-becb-de5b83ddd86c,一粒のご褒美の余韻
533510,273c69a6-3f64-46e9-afe4-350527cb1fe2,ひとさじの魔法
468227,95b680ed-0ab4-46c1-8032-b3917bbe0dc0,いつもの静寂の余韻
636493,c3199266-758c-4346-9917-e0db7dff7bf9,香りめぐる一雫
945888,ef236083-5150-4ad2-a2ba-7bcef0e01376,湯上がりの微笑み
579534,c66aed64-7404-4def-8a30-902ea18d639d,偶然の小さな歓び
465657,f3610065-e4fe-41ff-8d20-54084d19f3a4,躍動の一瞬に乾杯
419527,099280f7-9d1e-4e57-a862-991f89e824ef,ふとした幸運のダブルドライブ
483599,64a495ef-cf2e-4fd6-985e-719980ec971b,ひと粒の優しさ
185203,0abf55b3-3884-4488-8da7-e2ba2469bc71,ひとさじの魔法
179705,7c066a5f-7ac7-4fec-b22c-5663f0d80c26,波間のまどろみ
931390,29b69a1a-e768-4c35-8599-ba5a7e487ca5,サンライズ・リフレクション
639407,45d1bd37-9768-4077-8ff3-bfad112cf421,知恵の光と閃きの瞬間
171345,7b826272-5457-4072-8784-e528410a0771,コードスプラッシュ
703309,6d4b46c6-7144-44fc-b701-6ad93fc74321,シエスタ・トリップ
838987,a69af55c-edb2-4c50-a02a-9b6118f5cfe1,デバッグ・ブルーム
512593,20f93054-5b56-4016-9459-bdb97dfc4edb,ドリーム・エクスプローラー
195467,d074b17a-6df3-47d9-adcd-82c9d96f2759,静寂と冒険の境界
888366,87804ec8-dfe4-4ca4-9310-8d29e3621b5f,シエスタ・ブルーム
929382,63586c46-78ef-4263-9f3a-61edc38b6b6a,夢見る企画者の休日
189834,80207401-fff5-40e2-998e-936915d6b7d0,サイレントハイキング・ネイチャードリーム
610993,5ec789c3-85ed-4f46-b181-2763ac5c5e15,波間にたゆたう翠の窓
353809,ca325001-edd0-4cc0-a43b-8991e32965bb,サンライズ・トレイル
641669,df085248-558e-46f5-bae9-fda8d6fbb3f5,シエスタ・インスピレーション
670972,c457856e-1358-48dd-984c-fc7cbe0359f7,グリーン・レスト
931083,0c7370cf-e1f6-4aef-bc54-fa483332cc73,シエスタ・ウェーブ
597920,898532b6-7134-45e6-aa39-233786413ee5,Test Flight
826911,4dbffeaf-521a-4a1c-b9cc-3addb83f8048,ブルーオーシャン・アイデア
515934,0998ed58-1153-44e3-9eec-531739be73f8,オーシャンコード
604206,37fbe0bf-f0c9-4d8c-93f9-f587edc456d4,グリーンウォーク
867342,8ec3dee2-78a7-4346-b11c-910ff7c7c257,スマイルブリッジ
134540,88aa34db-df8e-4ef3-9b88-ae9ec479faa2,オーシャン・アイデア
197202,1ac12768-ab7f-4229-be3b-156b4a427ad2,アクティブ・ブルーム
116681,504a4214-b73b-4f48-861e-e3a624185da1,ハッピー・ガーデン
260969,95ff3a2c-829d-4151-8fb6-e8acbd36e914,マウンテン・コード
749009,92080ad9-10c1-4526-af03-0ab9fec30bd5,オーシャン・アイディア
238221,b19bb156-780a-4283-84a5-1a73fc99cfdc,マウンテン・コード
